{
    "$schema": "https://schema.management.azure.com/schemas/2015-01-01/deploymentParameters.json#",
    "contentVersion": "1.0.0.0",
    "parameters": {
        "subscriptionId": {
            "value": "1b043755-5de0-492b-b6af-156193bbfdb7"
        },
        "name": {
            "value": "justicebytes-frontend"
        },
        "location": {
            "value": "East US"
        },
        "hostingPlanName": {
            "value": "ASP-ShellHacks2020-b634"
        },
        "serverFarmResourceGroup": {
            "value": "ShellHacks-2020"
        },
        "alwaysOn": {
            "value": false
        },
        "sku": {
            "value": "Free"
        },
        "skuCode": {
            "value": "F1"
        },
        "workerSize": {
            "value": "0"
        },
        "workerSizeId": {
            "value": "0"
        },
        "numberOfWorkers": {
            "value": "1"
        },
        "linuxFxVersion": {
            "value": "DOCKER|nginx"
        },
        "dockerRegistryUrl": {
            "value": "https://index.docker.io"
        },
        "dockerRegistryUsername": {
            "value": ""
        },
        "dockerRegistryPassword": {
            "value": null
        },
        "dockerRegistryStartupCommand": {
            "value": ""
        }
    }
}