{
    "$schema": "https://schema.management.azure.com/schemas/2015-01-01/deploymentParameters.json#",
    "contentVersion": "1.0.0.0",
    "parameters": {
        "subscriptionId": {
            "value": "1b043755-5de0-492b-b6af-156193bbfdb7"
        },
        "name": {
            "value": "justicebytes-backend"
        },
        "location": {
            "value": "East US"
        },
        "hostingPlanName": {
            "value": "ASP-ShellHacks2020-ac0e"
        },
        "serverFarmResourceGroup": {
            "value": "ShellHacks-2020"
        },
        "alwaysOn": {
            "value": false
        },
        "linuxFxVersion": {
            "value": "DOCKER|graphplant/justicebytes:backend"
        },
        "dockerRegistryUrl": {
            "value": "https://index.docker.io"
        },
        "dockerRegistryUsername": {
            "value": ""
        },
        "dockerRegistryPassword": {
            "value": null
        },
        "dockerRegistryStartupCommand": {
            "value": ""
        }
    }
}